CREATE SCHEMA jk AUTHORIZATION DBA
CREATE TABLE jk.logins ( login_id integer NOT NULL GENERATED BY DEFAULT AS IDENTITY, username VARCHAR(65) NOT NULL, password VARCHAR(65) NOT NULL, permissions integer NULL, created_date TIMESTAMP DEFAULT CURRENT_TIMESTAMP NOT NULL, last_accessed TIMESTAMP, PRIMARY KEY (login_id)) 
CREATE UNIQUE INDEX username_UNIQUE ON jk.logins (username ASC)
CREATE TABLE jk.emails ( emailID integer NOT NULL GENERATED BY DEFAULT AS IDENTITY, login_id integer NOT NULL, email VARCHAR(145) NOT NULL, created_date TIMESTAMP DEFAULT CURRENT_TIMESTAMP NOT NULL, update_date TIMESTAMP NULL, status integer DEFAULT '0', PRIMARY KEY (emailID, login_id), CONSTRAINT fk_id_users FOREIGN KEY (login_id) REFERENCES jk.logins (login_id) ON DELETE NO ACTION ON UPDATE NO ACTION) 
CREATE INDEX fk_id_users_idx ON jk.emails (login_id ASC)
CREATE TABLE jk.titles ( title_id integer NOT NULL GENERATED BY DEFAULT AS IDENTITY, title_name VARCHAR(10) NOT NULL, PRIMARY KEY (title_id)) 
CREATE UNIQUE INDEX title_name_UNIQUE ON jk.titles (title_name ASC)
CREATE TABLE jk.users ( login_id integer NOT NULL, title_id integer NULL, first_name VARCHAR(164) NOT NULL, last_name VARCHAR(164) NOT NULL, birthday DATE NULL, gender integer NULL, PRIMARY KEY (login_id), CONSTRAINT fk_users_logins FOREIGN KEY (login_id) REFERENCES jk.logins (login_id) ON DELETE CASCADE ON UPDATE CASCADE, CONSTRAINT fk_users_titles1 FOREIGN KEY (title_id) REFERENCES jk.titles (title_id) ON DELETE NO ACTION ON UPDATE NO ACTION) 
CREATE INDEX fk_users_titles1_idx ON jk.users (title_id ASC)
CREATE TABLE jk.countries ( country_code CHAR(3) NOT NULL, country_name CHAR(52) NOT NULL, region_name VARCHAR(145) NULL, PRIMARY KEY (country_code)) 
CREATE TABLE jk.regions ( region_code VARCHAR(2) NOT NULL, country_code VARCHAR(3) NOT NULL, region_name VARCHAR(145) NOT NULL, PRIMARY KEY (region_code, country_code), CONSTRAINT fk_regions_countries FOREIGN KEY (country_code) REFERENCES jk.countries (country_code) ON DELETE NO ACTION ON UPDATE NO ACTION) 
CREATE INDEX fk_regions_countries1_idx ON jk.regions (country_code ASC)
CREATE TABLE jk.addresses ( addsress_id integer NOT NULL GENERATED BY DEFAULT AS IDENTITY, addsress VARCHAR(245) NOT NULL, city VARCHAR(145) NOT NULL, postal_code VARCHAR(10) NOT NULL, regions_code VARCHAR(2) NULL, country_code VARCHAR(3) NOT NULL, create_date TIMESTAMP DEFAULT CURRENT_TIMESTAMP NOT NULL, address_status integer NULL, PRIMARY KEY (addsress_id), CONSTRAINT fk_addsresses_countries FOREIGN KEY (country_code) REFERENCES jk.countries (country_code) ON DELETE NO ACTION ON UPDATE NO ACTION, CONSTRAINT fk_addresses_regions FOREIGN KEY (regions_code , country_code) REFERENCES jk.regions (region_code , country_code) ON DELETE NO ACTION ON UPDATE NO ACTION) 
CREATE INDEX fk_addsresses_countries1_idx ON jk.addresses (country_code ASC)
CREATE INDEX fk_addresses_regions1_idx ON jk.addresses (regions_code ASC, country_code ASC)
CREATE TABLE jk.social ( user_key VARCHAR(45) NOT NULL, username VARCHAR(145) NULL, first_name VARCHAR(145) NULL, last_name VARCHAR(145) NULL, image_url VARCHAR(245) NULL, profile_url VARCHAR(245) NULL, email VARCHAR(145) NULL, PRIMARY KEY (user_key)) 
CREATE TABLE jk.professional_skills ( login_id integer NOT NULL, professional_skill VARCHAR(145) NOT NULL, PRIMARY KEY (login_id, professional_skill), CONSTRAINT fk_professional_skills_users FOREIGN KEY (login_id) REFERENCES jk.users (login_id) ON DELETE NO ACTION ON UPDATE NO ACTION) 
CREATE TABLE jk.workplaces ( login_id integer NOT NULL, workplace VARCHAR(145) NOT NULL, PRIMARY KEY (login_id, workplace), CONSTRAINT fk_workplaces_users FOREIGN KEY (login_id) REFERENCES jk.users (login_id) ON DELETE NO ACTION ON UPDATE NO ACTION) 
CREATE TABLE jk.activity ( activity_id integer NOT NULL GENERATED BY DEFAULT AS IDENTITY, login_id integer NOT NULL, type integer NOT NULL, PRIMARY KEY (activity_id), CONSTRAINT fk_activity_users FOREIGN KEY (login_id) REFERENCES jk.users (login_id) ON DELETE NO ACTION ON UPDATE NO ACTION) 
CREATE INDEX fk_activity_users1_idx ON jk.activity (login_id ASC)
CREATE TABLE jk.companies ( login_id integer NOT NULL GENERATED BY DEFAULT AS IDENTITY, company_name VARCHAR(45) NOT NULL, PRIMARY KEY (login_id), CONSTRAINT fk_companies_logins FOREIGN KEY (login_id) REFERENCES jk.logins (login_id) ON DELETE NO ACTION ON UPDATE NO ACTION) 
CREATE UNIQUE INDEX company_name_UNIQUE ON jk.companies (company_name ASC)
CREATE TABLE jk.files ( fileID integer NOT NULL GENERATED BY DEFAULT AS IDENTITY, logins_loginID integer NOT NULL, file_name VARCHAR(145) NOT NULL, file_extension VARCHAR(145) NULL, content_type VARCHAR(50) NOT NULL, size integer NOT NULL, date TIMESTAMP DEFAULT CURRENT_TIMESTAMP NOT NULL, show_to_all integer DEFAULT 0, PRIMARY KEY (fileID), CONSTRAINT fk_files_logins1 FOREIGN KEY (logins_loginID) REFERENCES jk.logins (login_id) ON DELETE NO ACTION ON UPDATE NO ACTION) 
CREATE INDEX fk_files_logins1_idx ON jk.files (logins_loginID ASC)
CREATE TABLE jk.file_descriptions ( files_fileID integer NOT NULL, title VARCHAR(45) NULL, description VARCHAR(545) NULL, PRIMARY KEY (files_fileID), CONSTRAINT fk_ifile_descriptions_files FOREIGN KEY (files_fileID) REFERENCES jk.files (fileID) ON DELETE CASCADE ON UPDATE CASCADE) 
CREATE TABLE jk.image_details ( files_fileID integer NOT NULL, hight integer NOT NULL, width integer NOT NULL, max_size integer DEFAULT 0, PRIMARY KEY (files_fileID), CONSTRAINT fk_image_details_files FOREIGN KEY (files_fileID) REFERENCES jk.files (fileID) ON DELETE CASCADE ON UPDATE CASCADE) 
CREATE TABLE jk.search_categories ( category_id integer NOT NULL GENERATED BY DEFAULT AS IDENTITY, category_name VARCHAR(145) NOT NULL, category_status integer NULL, PRIMARY KEY (category_id)) 
CREATE UNIQUE INDEX category name_UNIQUE ON jk.search_categories (category_name ASC)
CREATE TABLE jk.business ( business_id integer NOT NULL GENERATED BY DEFAULT AS IDENTITY, company_name VARCHAR(145) NOT NULL, VAT_number VARCHAR(21) NOT NULL, PRIMARY KEY (business_id)) 
CREATE TABLE jk.versions ( version_id integer NOT NULL GENERATED BY DEFAULT AS IDENTITY, version VARCHAR(25) NOT NULL, major_version VARCHAR(25) NOT NULL, minor_version VARCHAR(25) NOT NULL, PRIMARY KEY (version_id)) 
CREATE TABLE jk.user_agent ( user_agent_id integer NOT NULL GENERATED BY DEFAULT AS IDENTITY, browser integer NOT NULL, browser_version_id integer NOT NULL, operating_system integer NOT NULL, PRIMARY KEY (user_agent_id), CONSTRAINT fk_Statictic_version1 FOREIGN KEY (browser_version_id) REFERENCES jk.versions (version_id) ON DELETE NO ACTION ON UPDATE NO ACTION) 
CREATE INDEX fk_Statictic_version1_idx ON jk.user_agent (browser_version_id ASC)
CREATE TABLE jk.ip_addresses ( ip_addresses_id integer NOT NULL GENERATED BY DEFAULT AS IDENTITY, ip_address VARCHAR(45) NOT NULL, PRIMARY KEY (ip_addresses_id)) 
CREATE UNIQUE INDEX ip_address_UNIQUE ON jk.ip_addresses (ip_address ASC)
CREATE TABLE jk.statistic ( statistic_id integer NOT NULL GENERATED BY DEFAULT AS IDENTITY, login_Id integer NULL, user_agent_id integer NOT NULL, ip_address_id integer NOT NULL, date DATE NOT NULL, PRIMARY KEY (statistic_id), CONSTRAINT fk_statictic_day_user_agent1 FOREIGN KEY (user_agent_id) REFERENCES jk.user_agent (user_agent_id) ON DELETE NO ACTION ON UPDATE NO ACTION, CONSTRAINT fk_statictic_day_ip_addresses1 FOREIGN KEY (ip_address_id) REFERENCES jk.ip_addresses (ip_addresses_id) ON DELETE NO ACTION ON UPDATE NO ACTION) 
CREATE INDEX fk_statictic_day_user_agent1_idx ON jk.statistic (user_agent_id ASC)
CREATE INDEX fk_statictic_day_ip_addresses1_idx ON jk.statistic (ip_address_id ASC)
CREATE TABLE jk.request_urls ( request_url_id integer NOT NULL GENERATED BY DEFAULT AS IDENTITY, request_url VARCHAR(2048) NOT NULL, PRIMARY KEY (request_url_id)) 
CREATE TABLE jk.statistic_request_urls ( statistic_id integer NOT NULL, request_url_id integer NOT NULL, times integer DEFAULT 1, access_time TIMESTAMP DEFAULT CURRENT_TIMESTAMP NOT NULL, PRIMARY KEY (statistic_id, request_url_id), CONSTRAINT fk_statistic_request_url_statistic_day1 FOREIGN KEY (statistic_id) REFERENCES jk.statistic (statistic_id) ON DELETE NO ACTION ON UPDATE NO ACTION, CONSTRAINT fk_statistic_request_url_request_urls1 FOREIGN KEY (request_url_id) REFERENCES jk.request_urls (request_url_id) ON DELETE NO ACTION ON UPDATE NO ACTION) 
CREATE INDEX fk_statistic_request_url_statistic_day1_idx ON jk.statistic_request_urls (statistic_id ASC)
CREATE INDEX fk_statistic_request_url_request_urls1_idx ON jk.statistic_request_urls (request_url_id ASC)
CREATE TABLE jk.blacklist ( blacklist_value VARCHAR(45) NOT NULL, blacklist_type integer NOT NULL, PRIMARY KEY (blacklist_value, blacklist_type)) 
CREATE TABLE jk.contact_emails ( email_id integer NOT NULL GENERATED BY DEFAULT AS IDENTITY, contact_email VARCHAR(254) NOT NULL, email_creation_date TIMESTAMP DEFAULT CURRENT_TIMESTAMP NOT NULL, email_status integer NOT NULL, PRIMARY KEY (email_id)) 
CREATE UNIQUE INDEX email_UNIQUE ON jk.contact_emails (contact_email ASC)
CREATE TABLE jk.reference_numbers ( reference_number_id integer NOT NULL GENERATED BY DEFAULT AS IDENTITY, reference_number VARCHAR(45) NOT NULL, reference_number_creation_date TIMESTAMP DEFAULT CURRENT_TIMESTAMP NOT NULL, PRIMARY KEY (reference_number_id)) 
CREATE TABLE jk.contact_us ( contact_us_id integer NOT NULL GENERATED BY DEFAULT AS IDENTITY, ip_address_id integer NOT NULL, reference_number_id integer NOT NULL, name VARCHAR(245) NOT NULL, email_id integer NOT NULL, subject VARCHAR(145) NOT NULL, message VARCHAR(1000) NOT NULL, contact_date TIMESTAMP DEFAULT CURRENT_TIMESTAMP NOT NULL, contact_status integer NOT NULL, answered_by integer NULL, answer_date TIMESTAMP NULL, PRIMARY KEY (contact_us_id), CONSTRAINT fk_contact_us_emails1 FOREIGN KEY (email_id) REFERENCES jk.contact_emails (email_id) ON DELETE NO ACTION ON UPDATE NO ACTION, CONSTRAINT fk_contact_us_reference_numbers1 FOREIGN KEY (reference_number_id) REFERENCES jk.reference_numbers (reference_number_id) ON DELETE NO ACTION ON UPDATE NO ACTION, CONSTRAINT fk_contact_us_ip_addresses1 FOREIGN KEY (ip_address_id) REFERENCES jk.ip_addresses (ip_addresses_id) ON DELETE NO ACTION ON UPDATE NO ACTION, CONSTRAINT fk_contact_us_users1 FOREIGN KEY (answered_by) REFERENCES jk.users (login_id) ON DELETE NO ACTION ON UPDATE NO ACTION) 
CREATE INDEX fk_contact_us_emails1_idx ON jk.contact_us (email_id ASC)
CREATE INDEX fk_contact_us_reference_numbers1_idx ON jk.contact_us (reference_number_id ASC)
CREATE INDEX fk_contact_us_ip_addresses1_idx ON jk.contact_us (ip_address_id ASC)
CREATE INDEX fk_contact_us_users1_idx ON jk.contact_us (answered_by ASC)
CREATE TABLE jk.background_imgs ( background_img_id integer NOT NULL GENERATED BY DEFAULT AS IDENTITY, path VARCHAR(245) NOT NULL, start_to_show_at TIME NOT NULL, status integer DEFAULT 1, PRIMARY KEY (background_img_id)) 
CREATE UNIQUE INDEX path_UNIQUE ON jk.background_imgs (path ASC)
CREATE TABLE jk.answer ( contact_us_id integer NOT NULL, answer VARCHAR(500) NOT NULL, answer_date TIMESTAMP DEFAULT CURRENT_TIMESTAMP NOT NULL, PRIMARY KEY (contact_us_id), CONSTRAINT fk_answer_contact_us1 FOREIGN KEY (contact_us_id) REFERENCES jk.contact_us (contact_us_id) ON DELETE NO ACTION ON UPDATE NO ACTION) 
CREATE TABLE jk.telephons ( telephon_id integer NOT NULL GENERATED BY DEFAULT AS IDENTITY, telephon VARCHAR(45) NOT NULL, telephon_type integer NOT NULL, telephon_status integer NOT NULL, PRIMARY KEY (telephon_id)) 
CREATE TABLE jk.business_has_telephons ( business_id integer NOT NULL, telephon_id integer NOT NULL, PRIMARY KEY (business_id, telephon_id), CONSTRAINT fk_business_has_telephons_business1 FOREIGN KEY (business_id) REFERENCES jk.business (business_id) ON DELETE NO ACTION ON UPDATE NO ACTION, CONSTRAINT fk_business_has_telephons_telephons1 FOREIGN KEY (telephon_id) REFERENCES jk.telephons (telephon_id) ON DELETE NO ACTION ON UPDATE NO ACTION) 
CREATE INDEX fk_business_has_telephons_telephons1_idx ON jk.business_has_telephons (telephon_id ASC)
CREATE INDEX fk_business_has_telephons_business1_idx ON jk.business_has_telephons (business_id ASC)
CREATE TABLE jk.business_has_addresses ( addsress_id integer NOT NULL, business_id integer NOT NULL, PRIMARY KEY (addsress_id, business_id), CONSTRAINT fk_addresses_has_business FOREIGN KEY (addsress_id) REFERENCES jk.addresses (addsress_id) ON DELETE NO ACTION ON UPDATE NO ACTION, CONSTRAINT fk_business_has_addresses FOREIGN KEY (business_id) REFERENCES jk.business (business_id) ON DELETE NO ACTION ON UPDATE NO ACTION) 
CREATE INDEX fk_addresses_has_business_business1_idx ON jk.business_has_addresses (business_id ASC)
CREATE INDEX fk_addresses_has_business_addresses1_idx ON jk.business_has_addresses (addsress_id ASC)
CREATE TABLE jk.business_has_contact_emails ( contact_emails_email_id integer NOT NULL, business_business_id integer NOT NULL, PRIMARY KEY (contact_emails_email_id, business_business_id), CONSTRAINT fk_contact_emails_has_business FOREIGN KEY (contact_emails_email_id) REFERENCES jk.contact_emails (email_id) ON DELETE NO ACTION ON UPDATE NO ACTION, CONSTRAINT fk_business_has_contact_emails FOREIGN KEY (business_business_id) REFERENCES jk.business (business_id) ON DELETE NO ACTION ON UPDATE NO ACTION) 
CREATE INDEX fk_contact_emails_has_business_business1_idx ON jk.business_has_contact_emails (business_business_id ASC)
CREATE INDEX fk_contact_emails_has_business_contact_emails1_idx ON jk.business_has_contact_emails (contact_emails_email_id ASC)
CREATE TABLE jk.urls ( url_id integer NOT NULL GENERATED BY DEFAULT AS IDENTITY, url VARCHAR(45) NOT NULL, url_status integer NOT NULL, PRIMARY KEY (url_id)) 
CREATE TABLE jk.business_has_urls ( business_id integer NOT NULL, url_id integer NOT NULL, PRIMARY KEY (business_id, url_id), CONSTRAINT fk_business_has_urls FOREIGN KEY (business_id) REFERENCES jk.business (business_id) ON DELETE NO ACTION ON UPDATE NO ACTION, CONSTRAINT fk_url_has_business FOREIGN KEY (url_id) REFERENCES jk.urls (url_id) ON DELETE NO ACTION ON UPDATE NO ACTION) 
CREATE INDEX fk_business_has_urls_urls1_idx ON jk.business_has_urls (url_id ASC)
CREATE INDEX fk_business_has_urls_business1_idx ON jk.business_has_urls (business_id ASC)
START TRANSACTION
INSERT INTO jk.logins (login_id, username, password, permissions, created_date, last_accessed) VALUES (1, 'AlexDragon', '$2a$10$Ngs18wBAxxMoBgHW2dikouwCgRExj6ENjOiVk0CjWODYMzJZoriq6', 256, DEFAULT, NULL)
INSERT INTO jk.logins (login_id, username, password, permissions, created_date, last_accessed) VALUES (2, 'jenia', '$2a$10$xD11pl01P72T8JXMwKd.YeC4W6t3gzdfF5FhWsNI8DMHC1BkxZxX6', 256, '2015-03-27 17:39:35', NULL)
COMMIT
START TRANSACTION
INSERT INTO jk.titles (title_id, title_name) VALUES (3, 'Miss.')
INSERT INTO jk.titles (title_id, title_name) VALUES (1, 'Mr.')
INSERT INTO jk.titles (title_id, title_name) VALUES (2, 'Mrs.')
INSERT INTO jk.titles (title_id, title_name) VALUES (4, 'Ms.')
COMMIT
START TRANSACTION
INSERT INTO jk.countries (country_code, country_name, region_name) VALUES ('ABW', 'Aruba', NULL)
INSERT INTO jk.countries (country_code, country_name, region_name) VALUES ('AFG', 'Afghanistan', NULL)
INSERT INTO jk.countries (country_code, country_name, region_name) VALUES ('AGO', 'Angola', NULL)
INSERT INTO jk.countries (country_code, country_name, region_name) VALUES ('AIA', 'Anguilla', NULL)
INSERT INTO jk.countries (country_code, country_name, region_name) VALUES ('ALB', 'Albania', NULL)
INSERT INTO jk.countries (country_code, country_name, region_name) VALUES ('AND', 'Andorra', NULL)
INSERT INTO jk.countries (country_code, country_name, region_name) VALUES ('ANT', 'Netherlands Antilles', NULL)
INSERT INTO jk.countries (country_code, country_name, region_name) VALUES ('ARE', 'United Arab Emirates', NULL)
INSERT INTO jk.countries (country_code, country_name, region_name) VALUES ('ARG', 'Argentina', NULL)
INSERT INTO jk.countries (country_code, country_name, region_name) VALUES ('ARM', 'Armenia', NULL)
INSERT INTO jk.countries (country_code, country_name, region_name) VALUES ('ASM', 'American Samoa', NULL)
INSERT INTO jk.countries (country_code, country_name, region_name) VALUES ('ATA', 'Antarctica', NULL)
INSERT INTO jk.countries (country_code, country_name, region_name) VALUES ('ATF', 'French Southern territories', NULL)
INSERT INTO jk.countries (country_code, country_name, region_name) VALUES ('ATG', 'Antigua and Barbuda', NULL)
INSERT INTO jk.countries (country_code, country_name, region_name) VALUES ('AUS', 'Australia', NULL)
INSERT INTO jk.countries (country_code, country_name, region_name) VALUES ('AUT', 'Austria', NULL)
INSERT INTO jk.countries (country_code, country_name, region_name) VALUES ('AZE', 'Azerbaijan', NULL)
INSERT INTO jk.countries (country_code, country_name, region_name) VALUES ('BDI', 'Burundi', NULL)
INSERT INTO jk.countries (country_code, country_name, region_name) VALUES ('BEL', 'Belgium', NULL)
INSERT INTO jk.countries (country_code, country_name, region_name) VALUES ('BEN', 'Benin', NULL)
INSERT INTO jk.countries (country_code, country_name, region_name) VALUES ('BFA', 'Burkina Faso', NULL)
INSERT INTO jk.countries (country_code, country_name, region_name) VALUES ('BGD', 'Bangladesh', NULL)
INSERT INTO jk.countries (country_code, country_name, region_name) VALUES ('BGR', 'Bulgaria', NULL)
INSERT INTO jk.countries (country_code, country_name, region_name) VALUES ('BHR', 'Bahrain', NULL)
INSERT INTO jk.countries (country_code, country_name, region_name) VALUES ('BHS', 'Bahamas', NULL)
INSERT INTO jk.countries (country_code, country_name, region_name) VALUES ('BIH', 'Bosnia and Herzegovina', NULL)
INSERT INTO jk.countries (country_code, country_name, region_name) VALUES ('BLR', 'Belarus', NULL)
INSERT INTO jk.countries (country_code, country_name, region_name) VALUES ('BLZ', 'Belize', NULL)
INSERT INTO jk.countries (country_code, country_name, region_name) VALUES ('BMU', 'Bermuda', NULL)
INSERT INTO jk.countries (country_code, country_name, region_name) VALUES ('BOL', 'Bolivia', NULL)
INSERT INTO jk.countries (country_code, country_name, region_name) VALUES ('BRA', 'Brazil', NULL)
INSERT INTO jk.countries (country_code, country_name, region_name) VALUES ('BRB', 'Barbados', NULL)
INSERT INTO jk.countries (country_code, country_name, region_name) VALUES ('BRN', 'Brunei', NULL)
INSERT INTO jk.countries (country_code, country_name, region_name) VALUES ('BTN', 'Bhutan', NULL)
INSERT INTO jk.countries (country_code, country_name, region_name) VALUES ('BVT', 'Bouvet Island', NULL)
INSERT INTO jk.countries (country_code, country_name, region_name) VALUES ('BWA', 'Botswana', NULL)
INSERT INTO jk.countries (country_code, country_name, region_name) VALUES ('CAF', 'Central African Republic', NULL)
INSERT INTO jk.countries (country_code, country_name, region_name) VALUES ('CAN', 'Canada', 'Province/Territory')
INSERT INTO jk.countries (country_code, country_name, region_name) VALUES ('CCK', 'Cocos (Keeling) Islands', NULL)
INSERT INTO jk.countries (country_code, country_name, region_name) VALUES ('CHE', 'Switzerland', NULL)
INSERT INTO jk.countries (country_code, country_name, region_name) VALUES ('CHL', 'Chile', NULL)
INSERT INTO jk.countries (country_code, country_name, region_name) VALUES ('CHN', 'China', NULL)
INSERT INTO jk.countries (country_code, country_name, region_name) VALUES ('CIV', 'Côte dIvoire', NULL)
INSERT INTO jk.countries (country_code, country_name, region_name) VALUES ('CMR', 'Cameroon', NULL)
INSERT INTO jk.countries (country_code, country_name, region_name) VALUES ('COD', 'Congo, The Democratic Republic of the', NULL)
INSERT INTO jk.countries (country_code, country_name, region_name) VALUES ('COG', 'Congo', NULL)
INSERT INTO jk.countries (country_code, country_name, region_name) VALUES ('COK', 'Cook Islands', NULL)
INSERT INTO jk.countries (country_code, country_name, region_name) VALUES ('COL', 'Colombia', NULL)
INSERT INTO jk.countries (country_code, country_name, region_name) VALUES ('COM', 'Comoros', NULL)
INSERT INTO jk.countries (country_code, country_name, region_name) VALUES ('CPV', 'Cape Verde', NULL)
INSERT INTO jk.countries (country_code, country_name, region_name) VALUES ('CRI', 'Costa Rica', NULL)
INSERT INTO jk.countries (country_code, country_name, region_name) VALUES ('CUB', 'Cuba', NULL)
INSERT INTO jk.countries (country_code, country_name, region_name) VALUES ('CXR', 'Christmas Island', NULL)
INSERT INTO jk.countries (country_code, country_name, region_name) VALUES ('CYM', 'Cayman Islands', NULL)
INSERT INTO jk.countries (country_code, country_name, region_name) VALUES ('CYP', 'Cyprus', NULL)
INSERT INTO jk.countries (country_code, country_name, region_name) VALUES ('CZE', 'Czech Republic', NULL)
INSERT INTO jk.countries (country_code, country_name, region_name) VALUES ('DEU', 'Germany', NULL)
INSERT INTO jk.countries (country_code, country_name, region_name) VALUES ('DJI', 'Djibouti', NULL)
INSERT INTO jk.countries (country_code, country_name, region_name) VALUES ('DMA', 'Dominica', NULL)
INSERT INTO jk.countries (country_code, country_name, region_name) VALUES ('DNK', 'Denmark', NULL)
INSERT INTO jk.countries (country_code, country_name, region_name) VALUES ('DOM', 'Dominican Republic', NULL)
INSERT INTO jk.countries (country_code, country_name, region_name) VALUES ('DZA', 'Algeria', NULL)
INSERT INTO jk.countries (country_code, country_name, region_name) VALUES ('ECU', 'Ecuador', NULL)
INSERT INTO jk.countries (country_code, country_name, region_name) VALUES ('EGY', 'Egypt', NULL)
INSERT INTO jk.countries (country_code, country_name, region_name) VALUES ('ERI', 'Eritrea', NULL)
INSERT INTO jk.countries (country_code, country_name, region_name) VALUES ('ESH', 'Western Sahara', NULL)
INSERT INTO jk.countries (country_code, country_name, region_name) VALUES ('ESP', 'Spain', NULL)
INSERT INTO jk.countries (country_code, country_name, region_name) VALUES ('EST', 'Estonia', NULL)
INSERT INTO jk.countries (country_code, country_name, region_name) VALUES ('ETH', 'Ethiopia', NULL)
INSERT INTO jk.countries (country_code, country_name, region_name) VALUES ('FIN', 'Finland', NULL)
INSERT INTO jk.countries (country_code, country_name, region_name) VALUES ('FJI', 'Fiji Islands', NULL)
INSERT INTO jk.countries (country_code, country_name, region_name) VALUES ('FLK', 'Falkland Islands', NULL)
INSERT INTO jk.countries (country_code, country_name, region_name) VALUES ('FRA', 'France', NULL)
INSERT INTO jk.countries (country_code, country_name, region_name) VALUES ('FRO', 'Faroe Islands', NULL)
INSERT INTO jk.countries (country_code, country_name, region_name) VALUES ('FSM', 'Micronesia, Federated States of', NULL)
INSERT INTO jk.countries (country_code, country_name, region_name) VALUES ('GAB', 'Gabon', NULL)
INSERT INTO jk.countries (country_code, country_name, region_name) VALUES ('GBR', 'United Kingdom', NULL)
INSERT INTO jk.countries (country_code, country_name, region_name) VALUES ('GEO', 'Georgia', NULL)
INSERT INTO jk.countries (country_code, country_name, region_name) VALUES ('GHA', 'Ghana', NULL)
INSERT INTO jk.countries (country_code, country_name, region_name) VALUES ('GIB', 'Gibraltar', NULL)
INSERT INTO jk.countries (country_code, country_name, region_name) VALUES ('GIN', 'Guinea', NULL)
INSERT INTO jk.countries (country_code, country_name, region_name) VALUES ('GLP', 'Guadeloupe', NULL)
INSERT INTO jk.countries (country_code, country_name, region_name) VALUES ('GMB', 'Gambia', NULL)
INSERT INTO jk.countries (country_code, country_name, region_name) VALUES ('GNB', 'Guinea-Bissau', NULL)
INSERT INTO jk.countries (country_code, country_name, region_name) VALUES ('GNQ', 'Equatorial Guinea', NULL)
INSERT INTO jk.countries (country_code, country_name, region_name) VALUES ('GRC', 'Greece', NULL)
INSERT INTO jk.countries (country_code, country_name, region_name) VALUES ('GRD', 'Grenada', NULL)
INSERT INTO jk.countries (country_code, country_name, region_name) VALUES ('GRL', 'Greenland', NULL)
INSERT INTO jk.countries (country_code, country_name, region_name) VALUES ('GTM', 'Guatemala', NULL)
INSERT INTO jk.countries (country_code, country_name, region_name) VALUES ('GUF', 'French Guiana', NULL)
INSERT INTO jk.countries (country_code, country_name, region_name) VALUES ('GUM', 'Guam', NULL)
INSERT INTO jk.countries (country_code, country_name, region_name) VALUES ('GUY', 'Guyana', NULL)
INSERT INTO jk.countries (country_code, country_name, region_name) VALUES ('HKG', 'Hong Kong', NULL)
INSERT INTO jk.countries (country_code, country_name, region_name) VALUES ('HMD', 'Heard Island and McDonald Islands', NULL)
INSERT INTO jk.countries (country_code, country_name, region_name) VALUES ('HND', 'Honduras', NULL)
INSERT INTO jk.countries (country_code, country_name, region_name) VALUES ('HRV', 'Croatia', NULL)
INSERT INTO jk.countries (country_code, country_name, region_name) VALUES ('HTI', 'Haiti', NULL)
INSERT INTO jk.countries (country_code, country_name, region_name) VALUES ('HUN', 'Hungary', NULL)
INSERT INTO jk.countries (country_code, country_name, region_name) VALUES ('IDN', 'Indonesia', NULL)
INSERT INTO jk.countries (country_code, country_name, region_name) VALUES ('IND', 'India', NULL)
INSERT INTO jk.countries (country_code, country_name, region_name) VALUES ('IOT', 'British Indian Ocean Territory', NULL)
INSERT INTO jk.countries (country_code, country_name, region_name) VALUES ('IRL', 'Ireland', NULL)
INSERT INTO jk.countries (country_code, country_name, region_name) VALUES ('IRN', 'Iran', NULL)
INSERT INTO jk.countries (country_code, country_name, region_name) VALUES ('IRQ', 'Iraq', NULL)
INSERT INTO jk.countries (country_code, country_name, region_name) VALUES ('ISL', 'Iceland', NULL)
INSERT INTO jk.countries (country_code, country_name, region_name) VALUES ('ISR', 'Israel', NULL)
INSERT INTO jk.countries (country_code, country_name, region_name) VALUES ('ITA', 'Italy', NULL)
INSERT INTO jk.countries (country_code, country_name, region_name) VALUES ('JAM', 'Jamaica', NULL)
INSERT INTO jk.countries (country_code, country_name, region_name) VALUES ('JOR', 'Jordan', NULL)
INSERT INTO jk.countries (country_code, country_name, region_name) VALUES ('JPN', 'Japan', NULL)
INSERT INTO jk.countries (country_code, country_name, region_name) VALUES ('KAZ', 'Kazakstan', NULL)
INSERT INTO jk.countries (country_code, country_name, region_name) VALUES ('KEN', 'Kenya', NULL)
INSERT INTO jk.countries (country_code, country_name, region_name) VALUES ('KGZ', 'Kyrgyzstan', NULL)
INSERT INTO jk.countries (country_code, country_name, region_name) VALUES ('KHM', 'Cambodia', NULL)
INSERT INTO jk.countries (country_code, country_name, region_name) VALUES ('KIR', 'Kiribati', NULL)
INSERT INTO jk.countries (country_code, country_name, region_name) VALUES ('KNA', 'Saint Kitts and Nevis', NULL)
INSERT INTO jk.countries (country_code, country_name, region_name) VALUES ('KOR', 'South Korea', NULL)
INSERT INTO jk.countries (country_code, country_name, region_name) VALUES ('KWT', 'Kuwait', NULL)
INSERT INTO jk.countries (country_code, country_name, region_name) VALUES ('LAO', 'Laos', NULL)
INSERT INTO jk.countries (country_code, country_name, region_name) VALUES ('LBN', 'Lebanon', NULL)
INSERT INTO jk.countries (country_code, country_name, region_name) VALUES ('LBR', 'Liberia', NULL)
INSERT INTO jk.countries (country_code, country_name, region_name) VALUES ('LBY', 'Libyan Arab Jamahiriya', NULL)
INSERT INTO jk.countries (country_code, country_name, region_name) VALUES ('LCA', 'Saint Lucia', NULL)
INSERT INTO jk.countries (country_code, country_name, region_name) VALUES ('LIE', 'Liechtenstein', NULL)
INSERT INTO jk.countries (country_code, country_name, region_name) VALUES ('LKA', 'Sri Lanka', NULL)
INSERT INTO jk.countries (country_code, country_name, region_name) VALUES ('LSO', 'Lesotho', NULL)
INSERT INTO jk.countries (country_code, country_name, region_name) VALUES ('LTU', 'Lithuania', NULL)
INSERT INTO jk.countries (country_code, country_name, region_name) VALUES ('LUX', 'Luxembourg', NULL)
INSERT INTO jk.countries (country_code, country_name, region_name) VALUES ('LVA', 'Latvia', NULL)
INSERT INTO jk.countries (country_code, country_name, region_name) VALUES ('MAC', 'Macao', NULL)
INSERT INTO jk.countries (country_code, country_name, region_name) VALUES ('MAR', 'Morocco', NULL)
INSERT INTO jk.countries (country_code, country_name, region_name) VALUES ('MCO', 'Monaco', NULL)
INSERT INTO jk.countries (country_code, country_name, region_name) VALUES ('MDA', 'Moldova', NULL)
INSERT INTO jk.countries (country_code, country_name, region_name) VALUES ('MDG', 'Madagascar', NULL)
INSERT INTO jk.countries (country_code, country_name, region_name) VALUES ('MDV', 'Maldives', NULL)
INSERT INTO jk.countries (country_code, country_name, region_name) VALUES ('MEX', 'Mexico', NULL)
INSERT INTO jk.countries (country_code, country_name, region_name) VALUES ('MHL', 'Marshall Islands', NULL)
INSERT INTO jk.countries (country_code, country_name, region_name) VALUES ('MKD', 'Macedonia', NULL)
INSERT INTO jk.countries (country_code, country_name, region_name) VALUES ('MLI', 'Mali', NULL)
INSERT INTO jk.countries (country_code, country_name, region_name) VALUES ('MLT', 'Malta', NULL)
INSERT INTO jk.countries (country_code, country_name, region_name) VALUES ('MMR', 'Myanmar', NULL)
INSERT INTO jk.countries (country_code, country_name, region_name) VALUES ('MNG', 'Mongolia', NULL)
INSERT INTO jk.countries (country_code, country_name, region_name) VALUES ('MNP', 'Northern Mariana Islands', NULL)
INSERT INTO jk.countries (country_code, country_name, region_name) VALUES ('MOZ', 'Mozambique', NULL)
INSERT INTO jk.countries (country_code, country_name, region_name) VALUES ('MRT', 'Mauritania', NULL)
INSERT INTO jk.countries (country_code, country_name, region_name) VALUES ('MSR', 'Montserrat', NULL)
INSERT INTO jk.countries (country_code, country_name, region_name) VALUES ('MTQ', 'Martinique', NULL)
INSERT INTO jk.countries (country_code, country_name, region_name) VALUES ('MUS', 'Mauritius', NULL)
INSERT INTO jk.countries (country_code, country_name, region_name) VALUES ('MWI', 'Malawi', NULL)
INSERT INTO jk.countries (country_code, country_name, region_name) VALUES ('MYS', 'Malaysia', NULL)
INSERT INTO jk.countries (country_code, country_name, region_name) VALUES ('MYT', 'Mayotte', NULL)
INSERT INTO jk.countries (country_code, country_name, region_name) VALUES ('NAM', 'Namibia', NULL)
INSERT INTO jk.countries (country_code, country_name, region_name) VALUES ('NCL', 'New Caledonia', NULL)
INSERT INTO jk.countries (country_code, country_name, region_name) VALUES ('NER', 'Niger', NULL)
INSERT INTO jk.countries (country_code, country_name, region_name) VALUES ('NFK', 'Norfolk Island', NULL)
INSERT INTO jk.countries (country_code, country_name, region_name) VALUES ('NGA', 'Nigeria', NULL)
INSERT INTO jk.countries (country_code, country_name, region_name) VALUES ('NIC', 'Nicaragua', NULL)
INSERT INTO jk.countries (country_code, country_name, region_name) VALUES ('NIU', 'Niue', NULL)
INSERT INTO jk.countries (country_code, country_name, region_name) VALUES ('NLD', 'Netherlands', NULL)
INSERT INTO jk.countries (country_code, country_name, region_name) VALUES ('NOR', 'Norway', NULL)
INSERT INTO jk.countries (country_code, country_name, region_name) VALUES ('NPL', 'Nepal', NULL)
INSERT INTO jk.countries (country_code, country_name, region_name) VALUES ('NRU', 'Nauru', NULL)
INSERT INTO jk.countries (country_code, country_name, region_name) VALUES ('NZL', 'New Zealand', NULL)
INSERT INTO jk.countries (country_code, country_name, region_name) VALUES ('OMN', 'Oman', NULL)
INSERT INTO jk.countries (country_code, country_name, region_name) VALUES ('PAK', 'Pakistan', NULL)
INSERT INTO jk.countries (country_code, country_name, region_name) VALUES ('PAN', 'Panama', NULL)
INSERT INTO jk.countries (country_code, country_name, region_name) VALUES ('PCN', 'Pitcairn', NULL)
INSERT INTO jk.countries (country_code, country_name, region_name) VALUES ('PER', 'Peru', NULL)
INSERT INTO jk.countries (country_code, country_name, region_name) VALUES ('PHL', 'Philippines', NULL)
INSERT INTO jk.countries (country_code, country_name, region_name) VALUES ('PLW', 'Palau', NULL)
INSERT INTO jk.countries (country_code, country_name, region_name) VALUES ('PNG', 'Papua New Guinea', NULL)
INSERT INTO jk.countries (country_code, country_name, region_name) VALUES ('POL', 'Poland', NULL)
INSERT INTO jk.countries (country_code, country_name, region_name) VALUES ('PRI', 'Puerto Rico', NULL)
INSERT INTO jk.countries (country_code, country_name, region_name) VALUES ('PRK', 'North Korea', NULL)
INSERT INTO jk.countries (country_code, country_name, region_name) VALUES ('PRT', 'Portugal', NULL)
INSERT INTO jk.countries (country_code, country_name, region_name) VALUES ('PRY', 'Paraguay', NULL)
INSERT INTO jk.countries (country_code, country_name, region_name) VALUES ('PSE', 'Palestine', NULL)
INSERT INTO jk.countries (country_code, country_name, region_name) VALUES ('PYF', 'French Polynesia', NULL)
INSERT INTO jk.countries (country_code, country_name, region_name) VALUES ('QAT', 'Qatar', NULL)
INSERT INTO jk.countries (country_code, country_name, region_name) VALUES ('REU', 'Réunion', NULL)
INSERT INTO jk.countries (country_code, country_name, region_name) VALUES ('ROM', 'Romania', NULL)
INSERT INTO jk.countries (country_code, country_name, region_name) VALUES ('RUS', 'Russian Federation', NULL)
INSERT INTO jk.countries (country_code, country_name, region_name) VALUES ('RWA', 'Rwanda', NULL)
INSERT INTO jk.countries (country_code, country_name, region_name) VALUES ('SAU', 'Saudi Arabia', NULL)
INSERT INTO jk.countries (country_code, country_name, region_name) VALUES ('SDN', 'Sudan', NULL)
INSERT INTO jk.countries (country_code, country_name, region_name) VALUES ('SEN', 'Senegal', NULL)
INSERT INTO jk.countries (country_code, country_name, region_name) VALUES ('SGP', 'Singapore', NULL)
INSERT INTO jk.countries (country_code, country_name, region_name) VALUES ('SGS', 'South Georgia and the South Sandwich Islands', NULL)
INSERT INTO jk.countries (country_code, country_name, region_name) VALUES ('SHN', 'Saint Helena', NULL)
INSERT INTO jk.countries (country_code, country_name, region_name) VALUES ('SJM', 'Svalbard and Jan Mayen', NULL)
INSERT INTO jk.countries (country_code, country_name, region_name) VALUES ('SLB', 'Solomon Islands', NULL)
INSERT INTO jk.countries (country_code, country_name, region_name) VALUES ('SLE', 'Sierra Leone', NULL)
INSERT INTO jk.countries (country_code, country_name, region_name) VALUES ('SLV', 'El Salvador', NULL)
INSERT INTO jk.countries (country_code, country_name, region_name) VALUES ('SMR', 'San Marino', NULL)
INSERT INTO jk.countries (country_code, country_name, region_name) VALUES ('SOM', 'Somalia', NULL)
INSERT INTO jk.countries (country_code, country_name, region_name) VALUES ('SPM', 'Saint Pierre and Miquelon', NULL)
INSERT INTO jk.countries (country_code, country_name, region_name) VALUES ('STP', 'Sao Tome and Principe', NULL)
INSERT INTO jk.countries (country_code, country_name, region_name) VALUES ('SUR', 'Suriname', NULL)
INSERT INTO jk.countries (country_code, country_name, region_name) VALUES ('SVK', 'Slovakia', NULL)
INSERT INTO jk.countries (country_code, country_name, region_name) VALUES ('SVN', 'Slovenia', NULL)
INSERT INTO jk.countries (country_code, country_name, region_name) VALUES ('SWE', 'Sweden', NULL)
INSERT INTO jk.countries (country_code, country_name, region_name) VALUES ('SWZ', 'Swaziland', NULL)
INSERT INTO jk.countries (country_code, country_name, region_name) VALUES ('SYC', 'Seychelles', NULL)
INSERT INTO jk.countries (country_code, country_name, region_name) VALUES ('SYR', 'Syria', NULL)
INSERT INTO jk.countries (country_code, country_name, region_name) VALUES ('TCA', 'Turks and Caicos Islands', NULL)
INSERT INTO jk.countries (country_code, country_name, region_name) VALUES ('TCD', 'Chad', NULL)
INSERT INTO jk.countries (country_code, country_name, region_name) VALUES ('TGO', 'Togo', NULL)
INSERT INTO jk.countries (country_code, country_name, region_name) VALUES ('THA', 'Thailand', NULL)
INSERT INTO jk.countries (country_code, country_name, region_name) VALUES ('TJK', 'Tajikistan', NULL)
INSERT INTO jk.countries (country_code, country_name, region_name) VALUES ('TKL', 'Tokelau', NULL)
INSERT INTO jk.countries (country_code, country_name, region_name) VALUES ('TKM', 'Turkmenistan', NULL)
INSERT INTO jk.countries (country_code, country_name, region_name) VALUES ('TMP', 'East Timor', NULL)
INSERT INTO jk.countries (country_code, country_name, region_name) VALUES ('TON', 'Tonga', NULL)
INSERT INTO jk.countries (country_code, country_name, region_name) VALUES ('TTO', 'Trinidad and Tobago', NULL)
INSERT INTO jk.countries (country_code, country_name, region_name) VALUES ('TUN', 'Tunisia', NULL)
INSERT INTO jk.countries (country_code, country_name, region_name) VALUES ('TUR', 'Turkey', NULL)
INSERT INTO jk.countries (country_code, country_name, region_name) VALUES ('TUV', 'Tuvalu', NULL)
INSERT INTO jk.countries (country_code, country_name, region_name) VALUES ('TWN', 'Taiwan', NULL)
INSERT INTO jk.countries (country_code, country_name, region_name) VALUES ('TZA', 'Tanzania', NULL)
INSERT INTO jk.countries (country_code, country_name, region_name) VALUES ('UGA', 'Uganda', NULL)
INSERT INTO jk.countries (country_code, country_name, region_name) VALUES ('UKR', 'Ukraine', NULL)
INSERT INTO jk.countries (country_code, country_name, region_name) VALUES ('UMI', 'United States Minor Outlying Islands', NULL)
INSERT INTO jk.countries (country_code, country_name, region_name) VALUES ('URY', 'Uruguay', NULL)
INSERT INTO jk.countries (country_code, country_name, region_name) VALUES ('USA', 'United States', NULL)
INSERT INTO jk.countries (country_code, country_name, region_name) VALUES ('UZB', 'Uzbekistan', NULL)
INSERT INTO jk.countries (country_code, country_name, region_name) VALUES ('VAT', 'Holy See (Vatican City State)', NULL)
INSERT INTO jk.countries (country_code, country_name, region_name) VALUES ('VCT', 'Saint Vincent and the Grenadines', NULL)
INSERT INTO jk.countries (country_code, country_name, region_name) VALUES ('VEN', 'Venezuela', NULL)
INSERT INTO jk.countries (country_code, country_name, region_name) VALUES ('VGB', 'Virgin Islands, British', NULL)
INSERT INTO jk.countries (country_code, country_name, region_name) VALUES ('VIR', 'Virgin Islands, U.S.', NULL)
INSERT INTO jk.countries (country_code, country_name, region_name) VALUES ('VNM', 'Vietnam', NULL)
INSERT INTO jk.countries (country_code, country_name, region_name) VALUES ('VUT', 'Vanuatu', NULL)
INSERT INTO jk.countries (country_code, country_name, region_name) VALUES ('WLF', 'Wallis and Futuna', NULL)
INSERT INTO jk.countries (country_code, country_name, region_name) VALUES ('WSM', 'Samoa', NULL)
INSERT INTO jk.countries (country_code, country_name, region_name) VALUES ('YEM', 'Yemen', NULL)
INSERT INTO jk.countries (country_code, country_name, region_name) VALUES ('YUG', 'Yugoslavia', NULL)
INSERT INTO jk.countries (country_code, country_name, region_name) VALUES ('ZAF', 'South Africa', NULL)
INSERT INTO jk.countries (country_code, country_name, region_name) VALUES ('ZMB', 'Zambia', NULL)
INSERT INTO jk.countries (country_code, country_name, region_name) VALUES ('ZWE', 'Zimbabwe', NULL)
COMMIT
START TRANSACTION
INSERT INTO jk.regions (region_code, country_code, region_name) VALUES ('ON', 'CAN', 'Ontario')
INSERT INTO jk.regions (region_code, country_code, region_name) VALUES ('QC', 'CAN', 'Quebec')
INSERT INTO jk.regions (region_code, country_code, region_name) VALUES ('NS', 'CAN', 'Nova Scotia')
INSERT INTO jk.regions (region_code, country_code, region_name) VALUES ('NB', 'CAN', 'New Brunswick')
INSERT INTO jk.regions (region_code, country_code, region_name) VALUES ('MB', 'CAN', 'Manitoba')
INSERT INTO jk.regions (region_code, country_code, region_name) VALUES ('BC', 'CAN', 'British Columbia')
INSERT INTO jk.regions (region_code, country_code, region_name) VALUES ('PE', 'CAN', 'Prince Edward Island')
INSERT INTO jk.regions (region_code, country_code, region_name) VALUES ('SK', 'CAN', 'Saskatchewan')
INSERT INTO jk.regions (region_code, country_code, region_name) VALUES ('AB', 'CAN', 'Alberta')
INSERT INTO jk.regions (region_code, country_code, region_name) VALUES ('NL', 'CAN', 'Newfoundland and Labrador')
INSERT INTO jk.regions (region_code, country_code, region_name) VALUES ('NT', 'CAN', 'Northwest Territories')
INSERT INTO jk.regions (region_code, country_code, region_name) VALUES ('YT', 'CAN', 'Yukon')
INSERT INTO jk.regions (region_code, country_code, region_name) VALUES ('NU', 'CAN', 'Nunavut')
INSERT INTO jk.regions (region_code, country_code, region_name) VALUES ('AK', 'USA', 'Alaska')
INSERT INTO jk.regions (region_code, country_code, region_name) VALUES ('AL', 'USA', 'Alabama')
INSERT INTO jk.regions (region_code, country_code, region_name) VALUES ('AR', 'USA', 'Arkansas')
INSERT INTO jk.regions (region_code, country_code, region_name) VALUES ('AZ', 'USA', 'Arizona')
INSERT INTO jk.regions (region_code, country_code, region_name) VALUES ('CA', 'USA', 'California')
INSERT INTO jk.regions (region_code, country_code, region_name) VALUES ('CO', 'USA', 'Colorado')
INSERT INTO jk.regions (region_code, country_code, region_name) VALUES ('CT', 'USA', 'Connecticut')
INSERT INTO jk.regions (region_code, country_code, region_name) VALUES ('DC', 'USA', 'District of Columbia')
INSERT INTO jk.regions (region_code, country_code, region_name) VALUES ('DE', 'USA', 'Delaware')
INSERT INTO jk.regions (region_code, country_code, region_name) VALUES ('FL', 'USA', 'Florida')
INSERT INTO jk.regions (region_code, country_code, region_name) VALUES ('GA', 'USA', 'Georgia')
INSERT INTO jk.regions (region_code, country_code, region_name) VALUES ('HI', 'USA', 'Hawaii')
INSERT INTO jk.regions (region_code, country_code, region_name) VALUES ('IA', 'USA', 'Iowa')
INSERT INTO jk.regions (region_code, country_code, region_name) VALUES ('ID', 'USA', 'Idaho')
INSERT INTO jk.regions (region_code, country_code, region_name) VALUES ('IL', 'USA', 'Illinois')
INSERT INTO jk.regions (region_code, country_code, region_name) VALUES ('IN', 'USA', 'Indiana')
INSERT INTO jk.regions (region_code, country_code, region_name) VALUES ('KS', 'USA', 'Kansas')
INSERT INTO jk.regions (region_code, country_code, region_name) VALUES ('KY', 'USA', 'Kentucky')
INSERT INTO jk.regions (region_code, country_code, region_name) VALUES ('LA', 'USA', 'Louisiana')
INSERT INTO jk.regions (region_code, country_code, region_name) VALUES ('MA', 'USA', 'Massachusetts')
INSERT INTO jk.regions (region_code, country_code, region_name) VALUES ('MD', 'USA', 'Maryland')
INSERT INTO jk.regions (region_code, country_code, region_name) VALUES ('ME', 'USA', 'Maine')
INSERT INTO jk.regions (region_code, country_code, region_name) VALUES ('MI', 'USA', 'Michigan')
INSERT INTO jk.regions (region_code, country_code, region_name) VALUES ('MN', 'USA', 'Minnesota')
INSERT INTO jk.regions (region_code, country_code, region_name) VALUES ('MO', 'USA', 'Missouri')
INSERT INTO jk.regions (region_code, country_code, region_name) VALUES ('MS', 'USA', 'Mississippi')
INSERT INTO jk.regions (region_code, country_code, region_name) VALUES ('MT', 'USA', 'Montana')
INSERT INTO jk.regions (region_code, country_code, region_name) VALUES ('NC', 'USA', 'North Carolina')
INSERT INTO jk.regions (region_code, country_code, region_name) VALUES ('ND', 'USA', 'North Dakota')
INSERT INTO jk.regions (region_code, country_code, region_name) VALUES ('NE', 'USA', 'Nebraska')
INSERT INTO jk.regions (region_code, country_code, region_name) VALUES ('NH', 'USA', 'New Hampshire')
INSERT INTO jk.regions (region_code, country_code, region_name) VALUES ('NJ', 'USA', 'New Jersey')
INSERT INTO jk.regions (region_code, country_code, region_name) VALUES ('NM', 'USA', 'New Mexico')
INSERT INTO jk.regions (region_code, country_code, region_name) VALUES ('NV', 'USA', 'Nevada')
INSERT INTO jk.regions (region_code, country_code, region_name) VALUES ('NY', 'USA', 'New York')
INSERT INTO jk.regions (region_code, country_code, region_name) VALUES ('OH', 'USA', 'Ohio')
INSERT INTO jk.regions (region_code, country_code, region_name) VALUES ('OK', 'USA', 'Oklahoma')
INSERT INTO jk.regions (region_code, country_code, region_name) VALUES ('OR', 'USA', 'Oregon')
INSERT INTO jk.regions (region_code, country_code, region_name) VALUES ('PA', 'USA', 'Pennsylvania')
INSERT INTO jk.regions (region_code, country_code, region_name) VALUES ('RI', 'USA', 'Rhode Island')
INSERT INTO jk.regions (region_code, country_code, region_name) VALUES ('SC', 'USA', 'South Carolina')
INSERT INTO jk.regions (region_code, country_code, region_name) VALUES ('SD', 'USA', 'South Dakota')
INSERT INTO jk.regions (region_code, country_code, region_name) VALUES ('TN', 'USA', 'Tennessee')
INSERT INTO jk.regions (region_code, country_code, region_name) VALUES ('TX', 'USA', 'Texas')
INSERT INTO jk.regions (region_code, country_code, region_name) VALUES ('UT', 'USA', 'Utah')
INSERT INTO jk.regions (region_code, country_code, region_name) VALUES ('VA', 'USA', 'Virginia')
INSERT INTO jk.regions (region_code, country_code, region_name) VALUES ('VT', 'USA', 'Vermont')
INSERT INTO jk.regions (region_code, country_code, region_name) VALUES ('WA', 'USA', 'Washington')
INSERT INTO jk.regions (region_code, country_code, region_name) VALUES ('WI', 'USA', 'Wisconsin')
INSERT INTO jk.regions (region_code, country_code, region_name) VALUES ('WV', 'USA', 'West Virginia')
INSERT INTO jk.regions (region_code, country_code, region_name) VALUES ('WY', 'USA', 'Wyoming')
COMMIT
START TRANSACTION
INSERT INTO jk.search_categories (category_id, category_name, category_status) VALUES (1, '\"Artistic Director\"', 1)
INSERT INTO jk.search_categories (category_id, category_name, category_status) VALUES (2, '\"arts artistic director\"', 1)
INSERT INTO jk.search_categories (category_id, category_name, category_status) VALUES (3, '\"arts director\"', 1)
INSERT INTO jk.search_categories (category_id, category_name, category_status) VALUES (4, '\"Film maker\"', 1)
INSERT INTO jk.search_categories (category_id, category_name, category_status) VALUES (5, '\"Fire-eater\"', 1)
INSERT INTO jk.search_categories (category_id, category_name, category_status) VALUES (6, '\"Models Photo\"', 1)
INSERT INTO jk.search_categories (category_id, category_name, category_status) VALUES (7, '\"Motion Sensor\"/  \"motion tracking\"', 1)
INSERT INTO jk.search_categories (category_id, category_name, category_status) VALUES (8, '\"Musical Interpreter\"', 1)
INSERT INTO jk.search_categories (category_id, category_name, category_status) VALUES (9, '\"Opera singer\"', 1)
INSERT INTO jk.search_categories (category_id, category_name, category_status) VALUES (10, '\"Photo Producer\"', 1)
INSERT INTO jk.search_categories (category_id, category_name, category_status) VALUES (11, '\"Responsible for Staging\"', 1)
INSERT INTO jk.search_categories (category_id, category_name, category_status) VALUES (12, '\"Stage Combat\"', 1)
INSERT INTO jk.search_categories (category_id, category_name, category_status) VALUES (13, '\"Stage Manager\"', 1)
INSERT INTO jk.search_categories (category_id, category_name, category_status) VALUES (14, '\"Video producer\"', 1)
INSERT INTO jk.search_categories (category_id, category_name, category_status) VALUES (15, 'Acrobatic', 1)
INSERT INTO jk.search_categories (category_id, category_name, category_status) VALUES (16, 'Acting', 1)
INSERT INTO jk.search_categories (category_id, category_name, category_status) VALUES (17, 'Actors', 1)
INSERT INTO jk.search_categories (category_id, category_name, category_status) VALUES (18, 'Anchorman', 1)
INSERT INTO jk.search_categories (category_id, category_name, category_status) VALUES (19, 'Animator', 1)
INSERT INTO jk.search_categories (category_id, category_name, category_status) VALUES (20, 'Artistic', 1)
INSERT INTO jk.search_categories (category_id, category_name, category_status) VALUES (21, 'Choreographer/ Performer', 1)
INSERT INTO jk.search_categories (category_id, category_name, category_status) VALUES (22, 'Clowns', 1)
INSERT INTO jk.search_categories (category_id, category_name, category_status) VALUES (23, 'Comedian', 1)
INSERT INTO jk.search_categories (category_id, category_name, category_status) VALUES (24, 'Composer', 1)
INSERT INTO jk.search_categories (category_id, category_name, category_status) VALUES (25, 'Contortionist', 1)
INSERT INTO jk.search_categories (category_id, category_name, category_status) VALUES (26, 'Dancer', 1)
INSERT INTO jk.search_categories (category_id, category_name, category_status) VALUES (27, 'Decorator', 1)
INSERT INTO jk.search_categories (category_id, category_name, category_status) VALUES (28, 'Fashion', 1)
INSERT INTO jk.search_categories (category_id, category_name, category_status) VALUES (29, 'Figuration', 1)
INSERT INTO jk.search_categories (category_id, category_name, category_status) VALUES (30, 'Film', 1)
INSERT INTO jk.search_categories (category_id, category_name, category_status) VALUES (31, 'Filmmaker', 1)
INSERT INTO jk.search_categories (category_id, category_name, category_status) VALUES (32, 'Fire-eater', 1)
INSERT INTO jk.search_categories (category_id, category_name, category_status) VALUES (33, 'Funambulist', 1)
INSERT INTO jk.search_categories (category_id, category_name, category_status) VALUES (34, 'Gymnast', 1)
INSERT INTO jk.search_categories (category_id, category_name, category_status) VALUES (35, 'Humorist', 1)
INSERT INTO jk.search_categories (category_id, category_name, category_status) VALUES (36, 'Improvisation', 1)
INSERT INTO jk.search_categories (category_id, category_name, category_status) VALUES (37, 'Juggler', 1)
INSERT INTO jk.search_categories (category_id, category_name, category_status) VALUES (38, 'Magician', 1)
INSERT INTO jk.search_categories (category_id, category_name, category_status) VALUES (39, 'Makeup/ \"Make-up\"', 1)
INSERT INTO jk.search_categories (category_id, category_name, category_status) VALUES (40, 'Mime', 1)
INSERT INTO jk.search_categories (category_id, category_name, category_status) VALUES (41, 'Musicians', 1)
INSERT INTO jk.search_categories (category_id, category_name, category_status) VALUES (42, 'Narrator', 1)
INSERT INTO jk.search_categories (category_id, category_name, category_status) VALUES (43, 'Producer', 1)
INSERT INTO jk.search_categories (category_id, category_name, category_status) VALUES (44, 'Public', 1)
INSERT INTO jk.search_categories (category_id, category_name, category_status) VALUES (45, 'Puppeteer', 1)
INSERT INTO jk.search_categories (category_id, category_name, category_status) VALUES (46, 'Staging', 1)
INSERT INTO jk.search_categories (category_id, category_name, category_status) VALUES (47, 'Stuntmen', 1)
INSERT INTO jk.search_categories (category_id, category_name, category_status) VALUES (48, 'Television', 1)
INSERT INTO jk.search_categories (category_id, category_name, category_status) VALUES (49, 'Videographer', 1)
INSERT INTO jk.search_categories (category_id, category_name, category_status) VALUES (50, 'Voiceover/ \"Voice-over\"', 1)
COMMIT
START TRANSACTION
INSERT INTO jk.blacklist (blacklist_value, blacklist_type) VALUES ('php', 0)
INSERT INTO jk.blacklist (blacklist_value, blacklist_type) VALUES ('rom-0', 0)
INSERT INTO jk.blacklist (blacklist_value, blacklist_type) VALUES ('html', 0)
COMMIT
START TRANSACTION
INSERT INTO jk.background_imgs (background_img_id, path, start_to_show_at, status) VALUES (1, 'https://scontent-lga.xx.fbcdn.net/hphotos-xpa1/v/t1.0-9/s720x720/18293_514588762015384_7037405496006114391_n.jpg?oh=0f86b62797ab3a957145e6ddcda2f8b3&oe=55A1676C', '18:00:00', 1)
INSERT INTO jk.background_imgs (background_img_id, path, start_to_show_at, status) VALUES (2, 'https://fbcdn-sphotos-g-a.akamaihd.net/hphotos-ak-xfp1/v/t1.0-9/s720x720/11072904_514588905348703_27063662908001677_n.jpg?oh=f82ceef4786585b3b5044883480b7314&oe=55A1C1EE&__gda__=1437653371_0175e9fee14510c4783194415db9e6d1', '15:00:00', 1)
INSERT INTO jk.background_imgs (background_img_id, path, start_to_show_at, status) VALUES (3, 'https://fbcdn-sphotos-f-a.akamaihd.net/hphotos-ak-xfp1/v/t1.0-9/q81/s720x720/10422257_514588908682036_3567941355937352193_n.jpg?oh=33a9fb8a97f8d95cb36bd91661605f9d&oe=55982745&__gda__=1436590828_08d611061239a3d8bc75fa347dbd9092', '12:00:00', 1)
INSERT INTO jk.background_imgs (background_img_id, path, start_to_show_at, status) VALUES (4, 'https://fbcdn-sphotos-c-a.akamaihd.net/hphotos-ak-xtp1/v/t1.0-9/s720x720/11110884_514588745348719_1960553605335542264_n.jpg?oh=f7a406a436b1fdcf015adf091d966c48&oe=55E33AF9&__gda__=1437460846_4efa191621d921e751a46f47f9f537be', '07:00:00', 1)
COMMIT

